Teste Lorena Costa Teste;47207009429;47207009429;'Albina Macedo Teste Teste';'Elita Saraiva Teste Teste';Antonia_Costa94@bol.com.br;551296865864;26/11/2022;47207009429;Cesgran123;semfoto.jpg
Teste Silmara Costa Teste;79886317809;79886317809;'Ednaldo Reis Teste Teste';'Bernardina Martins Teste Teste';Valmira44@live.com;557110215653;17/05/2023;79886317809;Cesgran123;semfoto.jpg
Teste Tanos Pereira Teste;75204257705;75204257705;'Altivanir Souza Filho Teste Teste';'Otaviano Santos Teste Teste';Joana_Macedo20@bol.com.br;81598712304;28/10/2022;75204257705;Cesgran123;semfoto.jpg
Teste Gean Moreira Teste;70978431529;70978431529;'Debora Moraes Teste Teste';'Glorineide Costa Neto Teste Teste';Yohei_Moraes7@hotmail.com;54278119420;22/09/2022;70978431529;Cesgran123;semfoto.jpg
Teste Cinthia Souza Teste;05158607192;05158607192;'Conceiçao Carvalho Neto Teste Teste';'Elza Franco Teste Teste';Benilde.Reis@live.com;559494081351;29/04/2023;05158607192;Cesgran123;semfoto.jpg
Teste Quioxy Nogueira Teste;76298471065;76298471065;'Marcello Saraiva Teste Teste';'Vanderson Melo Teste Teste';Gidevaldo_Braga@live.com;552905021226;16/07/2022;76298471065;Cesgran123;semfoto.jpg
Teste Ronivaldo Nogueira Teste;57728841742;57728841742;'Pablo Martins Teste Teste';'Elise Martins Teste Teste';Jocelin_Martins@live.com;59700736056;24/06/2022;57728841742;Cesgran123;semfoto.jpg
Teste Aurelio Martins Teste;19794685674;19794685674;'Adalto Oliveira Teste Teste';'Thalita Braga Teste Teste';Glucia69@bol.com.br;557334050705;27/05/2023;19794685674;Cesgran123;semfoto.jpg
Teste Odelmo Carvalho Teste;33855431850;33855431850;'Lino Franco Teste Teste';'Ramiro Moraes Teste Teste';Percilio_Braga@live.com;5394781171;03/05/2023;33855431850;Cesgran123;semfoto.jpg
Teste Roselly Santos Neto Teste;11246255774;11246255774;'Romoaldo Nogueira Neto Teste Teste';'Théo Xavier Teste Teste';Sidni.Martins94@gmail.com;58762255217;20/04/2023;11246255774;Cesgran123;semfoto.jpg
Teste Suzan Reis Teste;48122515592;48122515592;'Elizabete Franco Neto Teste Teste';'Erineide Franco Teste Teste';Pierluigi.Reis22@bol.com.br;5163120666;05/10/2022;48122515592;Cesgran123;semfoto.jpg
Teste Jacira Silva Filho Teste;26081924246;26081924246;'Deneli Reis Teste Teste';'Dayani Moreira Teste Teste';Kyoko.Barros47@gmail.com;8093516629;24/03/2023;26081924246;Cesgran123;semfoto.jpg
Teste Nubia Albuquerque Teste;36851791447;36851791447;'Welington Saraiva Teste Teste';'Vanderli Barros Teste Teste';Edjane_Barros8@yahoo.com;18522694770;27/01/2023;36851791447;Cesgran123;semfoto.jpg
Teste Nei Moraes Teste;05451358699;05451358699;'Roselly Martins Teste Teste';'Wilton Santos Teste Teste';Jos.Pereira@bol.com.br;05042588174;17/01/2023;05451358699;Cesgran123;semfoto.jpg
Teste Izabel Silva Teste;21956578633;21956578633;'Benilde Melo Teste Teste';'Marizete Saraiva Teste Teste';Ilo_Nogueira32@yahoo.com;04420685463;31/10/2022;21956578633;Cesgran123;semfoto.jpg
Teste Juscelino Xavier Teste;78367848438;78367848438;'Eloisa Macedo Teste Teste';'Izabel Moreira Teste Teste';Vitorino94@hotmail.com;2128810263;12/12/2022;78367848438;Cesgran123;semfoto.jpg
Teste Helvécio Carvalho Teste;63721648170;63721648170;'Judith Santos Teste Teste';'Flávia Saraiva Teste Teste';Otvio.Reis@bol.com.br;3713284639;23/05/2023;63721648170;Cesgran123;semfoto.jpg
Teste Janira Carvalho Teste;85736407400;85736407400;'Gesner Martins Teste Teste';'Irismar Santos Teste Teste';Gilberto_Albuquerque32@yahoo.com;0180413871;14/11/2022;85736407400;Cesgran123;semfoto.jpg
Teste Ranilson Moreira Teste;35070533061;35070533061;'Ramirez Braga Teste Teste';'Viviani Moreira Teste Teste';Franziska3@bol.com.br;557049300013;02/07/2022;35070533061;Cesgran123;semfoto.jpg
Teste Juliane Saraiva Neto Teste;10156476509;10156476509;'Yvonne Carvalho Teste Teste';'Gil Albuquerque Teste Teste';Grcia_Carvalho@gmail.com;00531620578;02/03/2023;10156476509;Cesgran123;semfoto.jpg
Teste Breno Reis Teste;00189413468;00189413468;'Salvador Silva Teste Teste';'Marcilia Santos Teste Teste';Rya.Pereira@bol.com.br;0475542341;26/11/2022;00189413468;Cesgran123;semfoto.jpg
Teste Vera Batista Teste;83598889143;83598889143;'Rosaldo Saraiva Teste Teste';'Northon Barros Teste Teste';Alfredo53@live.com;06662001721;15/11/2022;83598889143;Cesgran123;semfoto.jpg
Teste Dilma Braga Teste;32525885600;32525885600;'Alderley Barros Teste Teste';'Tania Oliveira Teste Teste';Lda_Xavier@hotmail.com;557402806376;12/06/2022;32525885600;Cesgran123;semfoto.jpg
Teste Desirê Barros Teste;51351038567;51351038567;'Misaias Silva Teste Teste';'Mariangela Souza Teste Teste';Nanci62@live.com;555974247561;23/07/2022;51351038567;Cesgran123;semfoto.jpg
Teste Raphael Braga Teste;54139373504;54139373504;'Elienai Nogueira Teste Teste';'Alaide Santos Teste Teste';Marinete94@live.com;553402840826;16/05/2023;54139373504;Cesgran123;semfoto.jpg
Teste Waldemar Xavier Teste;90726734500;90726734500;'Daleoni Xavier Teste Teste';'Otaciano Melo Teste Teste';Martelenes_Franco@live.com;58253681771;16/12/2022;90726734500;Cesgran123;semfoto.jpg
Teste Maíra Nogueira Teste;44335366361;44335366361;'Debora Martins Teste Teste';'Edvaldo Pereira Teste Teste';Valdelcio58@bol.com.br;559847941822;16/01/2023;44335366361;Cesgran123;semfoto.jpg
Teste Salvador Moreira Teste;50387363602;50387363602;'Marcia Oliveira Teste Teste';'Angelina Moreira Teste Teste';Jurata.Barros62@bol.com.br;554749566419;25/10/2022;50387363602;Cesgran123;semfoto.jpg
Teste Delson Barros Teste;77543241137;77543241137;'Adriana Oliveira Teste Teste';'Ronie Xavier Teste Teste';Hilca.Franco19@live.com;554120614637;25/05/2023;77543241137;Cesgran123;semfoto.jpg
Teste Valnir Xavier Neto Teste;60435251350;60435251350;'Gilca Martins Teste Teste';'Gesser Melo Teste Teste';Carla32@hotmail.com;52675472137;17/05/2023;60435251350;Cesgran123;semfoto.jpg
